move dev-go/errcheck dev-util/errcheck
move dev-go/interfacer dev-util/interfacer
move dev-go/wellington dev-util/wellington
move dev-util/hub dev-vcs/hub
move dev-go/direnv dev-util/direnv
move dev-go/dex net-nds/dex
move dev-go/minify dev-util/minify
move net-misc/syncthing net-p2p/syncthing
move net-misc/syncthing-inotify net-p2p/syncthing-inotify
move net-misc/syncthing-cli net-p2p/syncthing-cli
move dev-go/flint dev-util/flint
move dev-go/forego dev-util/forego
move dev-util/anderson dev-go/anderson
move dev-util/ffjson dev-go/ffjson
move dev-go/protobuf dev-go/gogo-protobuf
